,Name,Condition,Price,Purchase Option,Shipping Cost
0,Apple iPhone 11 - 64GB 128GB 256GB - All Colors - Fully Unlocked (CDMA + GSM) ,Refurbished,,Buy It Now,Free Shipping
1,Apple iPhone 11 64/128/256GB White Black Red Green Verizon Unlocked GSM CDMA,Brand New,$720.00,Buy It Now,Free Shipping
2,Apple iPhone 11 Smartphone 64GB 128GB AT&T Sprint T-Mobile Verizon or Unlocked,Refurbished,,Buy It Now,Free Shipping
3,Unlocked Apple iPhone 11 64GB 128GB 256GB Verizon T-Mobile AT&T Smartphone,Refurbished,,Buy It Now,Free Shipping
4,Apple iPhone 11 64/128/256GB  Sprint  AT&T Factory Unlocked,Pre-Owned,,Buy It Now,Free Shipping
5,Apple iPhone 11 64GB Purple Verizon T-Mobile AT&T Fully Unlocked Smartphone,Open Box,$639.99,Buy It Now,Free Shipping
6,Apple iPhone 11 64GB Green Verizon T-Mobile AT&T Metro Fully Unlocked Smartphone,Open Box,$639.99,Buy It Now,Free Shipping
7,Apple iPhone 11 128GB Purple Verizon T-Mobile AT&T Fully Unlocked Smartphone,Open Box,$699.99,Buy It Now,Free Shipping
8,Apple iPhone 11 Pro Max 64/256/512GB Verizon T-Mobile AT&T Unlocked Smartphone,Refurbished,,Buy It Now,Free Shipping
9,Apple iPhone 11 128GB Black Verizon T-Mobile AT&T Fully Unlocked Smartphone,Open Box,$689.99,Buy It Now,Free Shipping
10,,Pre-Owned,$649.95,Buy It Now,Free Shipping
11,,Brand New,$690.00,Buy It Now,Free Shipping
12,Apple iPhone 11 Red 64GB Verizon AT&T T-Mobile Fully Unlocked Smartphone,Refurbished,$609.99,Buy It Now,Free Shipping
13,Apple iPhone 11 Pro Gold 64GB Verizon T-Mobile AT&T Fully Unlocked Smartphone,Open Box,$799.99,Buy It Now,Free Shipping
14,Apple iPhone 11 Mint Condition AT&T Sprint T-Mobile Verizon or Unlocked A+,Refurbished,,Buy It Now,Free Shipping
15,Apple iPhone 11 Pro - 64GB 256GB 512GB - All Colors - Unlocked/US Network Locked,Refurbished,,Buy It Now,Free Shipping
16,Apple iPhone 11 Pro Smartphone AT&T Sprint T-Mobile Verizon or Unlocked LTE,Refurbished,,Buy It Now,Free Shipping
17,Apple iPhone 11 Pro 64/256/512GB AT&T Sprint TMobile Verizon Unlocked,Pre-Owned,$829.99,Buy It Now,Free Shipping
18,Apple iPhone 11 64GB White Verizon T-Mobile AT&T Metro Fully Unlocked Smartphone,Open Box,$639.99,Buy It Now,Free Shipping
19,,Pre-Owned,"$1,079.00",Buy It Now,Free Shipping
20,,Pre-Owned,$599.99,or Best Offer,Free Shipping
21,Apple iPhone 11 128GB Black LTE Cellular Sprint MWK72LL/A,Refurbished,$699.00,Buy It Now,Free Shipping
22,Apple iPhone 11 Pro 64GB Midnight Green Verizon TMobile AT&T Unlocked Smartphone,Open Box,$799.99,Buy It Now,Free Shipping
23,,Pre-Owned,$600.00,Buy It Now,+$15.00 shipping
24,Apple iPhone 11 64GB Black Verizon T-Mobile AT&T Metro Fully Unlocked Smartphone,Open Box,$639.99,Buy It Now,Free Shipping
25,Apple iPhone 11 Pro 64GB 256GB 512GB Verizon T-Mobile AT&T Unlocked Smartphone,Refurbished,,Buy It Now,Free Shipping
26,Apple iPhone 11 Pro Space Gray 64GB Verizon T-Mobile Fully Unlocked Smartphone,Open Box,$799.99,Buy It Now,Free Shipping
27,Apple iPhone 11 Pro Max A2161 64/256/512GB AT&T C Spire Factory Unlocked,Pre-Owned,,Buy It Now,Free Shipping
28,Apple iPhone 11 64GB Unlocked,Refurbished,,Buy It Now,Free Shipping
29,,Brand New,$750.00,Buy It Now,+$7.50 shipping
30,,Open Box,$699.97,Buy It Now,Free Shipping
31,Apple iPhone 11 128GB Green Verizon T-Mobile AT&T Fully Unlocked Smartphone,Open Box,$699.99,Buy It Now,Free Shipping
32,Apple iPhone 11 Pro Max 256GB Midnight Green Verizon AT&T Unlocked Smartphone,Open Box,"$1,049.99",Buy It Now,Free Shipping
33,Apple iPhone 11 Pro Max Smartphone AT&T Sprint T-Mobile Verizon or Unlocked LTE,Refurbished,,Buy It Now,Free Shipping
34,Apple iPhone 11 Pro Max 256GB Gold Verizon AT&T T-Mobile Unlocked Smartphone,Open Box,"$1,049.99",Buy It Now,Free Shipping
35,Apple iPhone 11 4G LTE 128GB 64GB AT&T Verizon Unlocked Smartphone ,Refurbished,,Buy It Now,Free Shipping
36,Apple iPhone 11 Pro Midnight Green 256GB Verizon AT&T Fully Unlocked Smartphone,Open Box,$929.99,Buy It Now,Free Shipping
37,,Pre-Owned,$425.00,40 bids,Free Shipping
38,Apple iPhone 11 64GB Black LTE Cellular Sprint MWK02LL/A,Refurbished,$656.00,Buy It Now,Free Shipping
39,Apple iPhone 11 128GB Purple LTE Cellular Sprint MWKD2LL/A,Refurbished,$699.00,Buy It Now,Free Shipping
40,Apple iPhone 11 128GB White Verizon T-Mobile AT&T Fully Unlocked Smartphone,Open Box,$699.99,Buy It Now,Free Shipping
41,Apple iPhone 11 Verizon AT&T T-Mobile GSM Factory Unlocked Smartphone Cell Phone,Refurbished,,Buy It Now,Free Shipping
42, Apple iPhone 11 - 64GB BLACK FACTORY Unlocked A 2111 (CDMA + GSM) CLEAN ESN,Open Box,$679.99,Buy It Now,Free Shipping
43,Apple iPhone 11 Smartphone 64GB 128GB AT&T Sprint T-Mobile Verizon or Unlocked D,Refurbished,$479.00,Buy It Now,Free Shipping
44,Apple iPhone 11 Pro Max 64GB Gold Verizon T-Mobile AT&T Unlocked Smartphone,Open Box,$929.99,Buy It Now,Free Shipping
45,,Refurbished,$760.00,2 bids,+$10.95 shipping
46,Apple iPhone 11 Pro Max 512GB Silver Verizon T-Mobile AT&T Unlocked Smartphone,Open Box,"$1,099.99",Buy It Now,Free Shipping
47,,Pre-Owned,$425.00,39 bids,+$7.99 shipping
48,,Open Box,$639.99,or Best Offer,Free Shipping
49,Apple iPhone 11 Pro Max 64/256/512GB Green Space Gray Silver Gold GSM Unlocked,Brand New,"$1,200.00",Buy It Now,Free Shipping
50,Apple iPhone 11 White 256GB Verizon AT&T T-Mobile Fully Unlocked Smartphone,Refurbished,$689.99,Buy It Now,Free Shipping
51,Apple iPhone 11 256GB Purple Verizon T-Mobile AT&T Fully Unlocked Smartphone,Open Box,$729.99,Buy It Now,Free Shipping
52,Apple iPhone 11 Pro Verizon AT&T T-Mobile GSM Factory Unlocked Smartphone ,Refurbished,,Buy It Now,Free Shipping
53,Apple iPhone 11 Pro 256GB Verizon T-Mobile AT&T Unlocked Smartphone - Excellent ,Open Box,$959.97,Buy It Now,Free Shipping
54,Apple iPhone 11 128GB Black A2111 Verizon MWKU2LL/A,Open Box,$649.00,Buy It Now,Free Shipping
55,Apple iPhone 11 Pro - 64GB - Space Gray (Sprint) A2160 (CDMA + GSM),Pre-Owned,$750.00,Buy It Now,Free Shipping
56,Apple iPhone 11 64GB (PRODUCT) Red Verizon 4G LTE MWKP2LL/A,Open Box,$599.00,Buy It Now,Free Shipping
57,Apple iPhone 11 128GB White LTE Cellular Sprint MWK82LL/A,Refurbished,$699.00,Buy It Now,Free Shipping
58,Apple iPhone 11 128GB (PRODUCT) Red LTE Cellular Sprint MWK92LL/A,Refurbished,$699.00,Buy It Now,Free Shipping
59,Apple iPhone 11 Pro Max Mint Condition AT&T Sprint T-Mobile Verizon or Unlocked,Refurbished,,Buy It Now,Free Shipping
60,,Pre-Owned,$400.00,1 bid,Free Shipping
61,,Pre-Owned,$326.00,58 bids,Free Shipping
62,Apple iPhone 11 128GB Black A2111 Verizon MWKU2LL/A,Open Box,$649.00,Buy It Now,Free Shipping
63,Apple iPhone 11 Pro - 64GB - Space Gray (Sprint) A2160 (CDMA + GSM),Pre-Owned,$750.00,Buy It Now,Free Shipping
64,Apple iPhone 11 64GB White AT&T 4G LTE MWHU2LL/A,Open Box,$599.00,Buy It Now,Free Shipping
65,,Refurbished,$615.00,2 bids,+$9.60 shipping
66,,Brand New,"$1,019.99",Buy It Now,Free Shipping
67,Apple iPhone 11 - 64GB - Black (Sprint) A2111 (CDMA + GSM),Pre-Owned,$425.00,14 bids,Free Shipping
68,Apple iPhone 11 Pro Max 64GB Silver Verizon T-Mobile AT&T Unlocked Smartphone,Open Box,$929.99,Buy It Now,Free Shipping
69,,Refurbished,$810.00,2 bids,+$10.95 shipping
70,Apple iPhone 11 64GB Yellow Verizon T-Mobile AT&T Fully Unlocked Smartphone,Open Box,$639.99,Buy It Now,Free Shipping
71,Apple iPhone 11 64gb - Sprint - Boost Mobile - Smartphone - New,Open Box,$599.00,Buy It Now,Free Shipping
72,Apple iPhone 11 - 64GB - Purple (Unlocked) A2111 (CDMA + GSM),Pre-Owned,$510.00,17 bids,+$9.60 shipping
73,Apple iPhone 11 Pro Max 512GB Midnight Green Verizon AT&T Unlocked Smartphone,Open Box,"$1,099.99",Buy It Now,Free Shipping
74,Apple iPhone 11 Pro Max Mint Condition AT&T Sprint T-Mobile Verizon or Unlocked,Refurbished,,Buy It Now,Free Shipping
75,,Refurbished,,Buy It Now,Free Shipping
76,Apple iPhone 11 64GB Black AT&T 4G LTE MWHT2LL/A,Open Box,$599.00,Buy It Now,Free Shipping
77,Factory Sealed Iphone 11 64gb (Verizon),Brand New,$600.00,0 bids,Free Shipping
78,*Good* Apple iPhone 11 - 128GB - Green (AT&T/Cricket only) A2111 (CDMA + GSM),Pre-Owned,$669.99,Buy It Now,Free Shipping
79,,Pre-Owned,$280.00,36 bids,Free Shipping
80,Apple iPhone 11 - 64GB - Black (Unlocked) A2111 (CDMA + GSM),Pre-Owned,$625.16,Buy It Now,+$8.85 shipping
81,*Good* Apple iPhone 11 - 64GB - Purple (AT&T/Cricket only) A2111 (CDMA + GSM),Pre-Owned,$629.95,Buy It Now,Free Shipping
82,,Pre-Owned,$663.00,20 bids,+$20.00 shipping
83,Apple iPhone 11 - 128GB - Green (AT&T) A2111 (CDMA + GSM),Pre-Owned,$600.00,or Best Offer,+$9.60 shipping
84,"Apple iPhone 11 Pro Max - 64GB 256GB 512GB, All Colors - Unlocked/Network Locked",Refurbished,,Buy It Now,Free Shipping
85,,Pre-Owned,$265.00,10 bids,+$9.60 shipping
86,,Pre-Owned,$669.95,Buy It Now,+$5.50 shipping
87,,Pre-Owned,$540.00,62 bids,Free Shipping
88,,Pre-Owned,$300.00,1 bid,+$8.85 shipping
89,,Pre-Owned,$450.00,0 bids,+$8.85 shipping
90,Apple iPhone 11 64GB (PRODUCT) Red Verizon 4G LTE MWKP2LL/A,Open Box,$599.00,Buy It Now,Free Shipping
91,,Refurbished,$405.00,40 bids,+$9.99 shipping
92,,Brand New,$510.00,13 bids,+$9.90 shipping
93,,Pre-Owned,$285.00,33 bids,+$8.99 shipping
94,,Brand New,$760.00,11 bids,Free Shipping
95,Apple iPhone 11 64GB AT&T,Refurbished,,Buy It Now,Free Shipping
96,,Brand New,$600.00,0 bids,+$8.00 shipping
97,,Brand New,$659.99,Buy It Now,+$8.00 shipping
98,Apple iPhone 11 64GB Black LTE Cellular AT&T MWHT2LL/A,Refurbished,$656.00,Buy It Now,Free Shipping
99,Apple iPhone 11 Pro Max 64GB AT&T,Refurbished,,Buy It Now,Free Shipping
100,,Open Box,$620.00,21 bids,+$9.60 shipping
101,Apple iPhone 11 Purple 64GB Verizon AT&T T-Mobile Fully Unlocked Smartphone,Refurbished,$609.99,Buy It Now,Free Shipping
102,Apple iPhone 11 White 64GB Verizon AT&T T-Mobile Fully Unlocked Smartphone,Refurbished,$609.99,Buy It Now,Free Shipping
103,Apple iPhone 11 64GB Red Verizon T-Mobile AT&T Metro Fully Unlocked Smartphone,Open Box,$639.99,Buy It Now,Free Shipping
104,Apple iPhone 11 128GB GSM Unlocked T-Mobile AT&T Smartphone-Excellent,Open Box,$699.97,Buy It Now,Free Shipping
105,Apple iPhone 11 Yellow 64GB Verizon AT&T T-Mobile Fully Unlocked Smartphone,Refurbished,$609.99,Buy It Now,Free Shipping
106,Apple iPhone 11 Pro Max 512GB Gold Verizon T-Mobile AT&T Unlocked Smartphone,Open Box,"$1,099.99",Buy It Now,Free Shipping
107,,Brand New,$510.00,13 bids,+$9.90 shipping
108,Apple iPhone 11 Black 128GB Verizon AT&T T-Mobile Fully Unlocked Smartphone,Refurbished,$659.99,Buy It Now,Free Shipping
109,Apple iPhone 11 Pro 64GB Space Gray Verizon T-Mobile Fully Unlocked Smartphone,Refurbished,$769.99,Buy It Now,Free Shipping
110,,Brand New,"$1,195.99",Buy It Now,Free Shipping
111,Apple iPhone 11 Pro Max - 256GB - Space Gray - AT&T - Unlocked,Pre-Owned,$900.00,40 bids,Free Shipping
112,Apple iPhone 11 64GB T-Mobile,Refurbished,,Buy It Now,Free Shipping
113,Apple iPhone 11 - 64GB - Green (T-Mobile) A2111 (CDMA + GSM),Brand New,$649.99,Buy It Now,Free Shipping
114,Apple iPhone 11 Purple 256GB Verizon AT&T T-Mobile Fully Unlocked Smartphone,Refurbished,$689.99,Buy It Now,Free Shipping
115,Apple iPhone 11 Pro Silver 64GB Verizon T-Mobile AT&T Fully Unlocked Smartphone,Open Box,$799.99,Buy It Now,Free Shipping
116,Apple iPhone 11 64GB T-Mobile | Sprint | Unlocked & Others - Apple Warranty ,Refurbished,,Buy It Now,Free Shipping
117,,Open Box,$699.99,Buy It Now,Free Shipping
118,Apple iPhone 11 Pro Max 256GB Unlocked,Refurbished,,Buy It Now,Free Shipping
119,Apple iPhone 11 Pro Max 64GB Space Gray Verizon TMobile AT&T Unlocked Smartphone,Open Box,$929.99,Buy It Now,Free Shipping
120,Apple iPhone 11 Green 128GB Verizon AT&T T-Mobile Fully Unlocked Smartphone,Refurbished,$659.99,Buy It Now,Free Shipping
121,Apple iPhone 11 - 128GB - White (Unlocked) A2111 (CDMA + GSM),Open Box,$560.00,41 bids,+$8.85 shipping
122,,Brand New,$760.00,11 bids,Free Shipping
123,,Refurbished,$860.00,5 bids,+$10.95 shipping
124,,Pre-Owned,$417.00,21 bids,+$5.75 shipping
125,,Pre-Owned,$340.00,52 bids,Free Shipping
126,Apple iPhone 11 - 64GB - Green (Sprint) A2111 (CDMA + GSM) Mint Condition,Pre-Owned,$416.00,14 bids,+$9.60 shipping
127,,Brand New,$490.00,11 bids,+$6.50 shipping
128,Apple iPhone 11 (PRODUCT)RED - 64GB (Verizon) A2111 (CDMA + GSM),Pre-Owned,$540.00,21 bids,Free Shipping
129,,Pre-Owned,$500.00,1 bid,+$12.00 shipping
130,Apple iPhone 11 64GB / 128GB / 256GB - Unlocked/ Verizon/ AT&T/ T-Mobile/ Sprint,Pre-Owned,$713.99,Buy It Now,Free Shipping
131,Apple iPhone 11 - 64GB - White (Unlocked) A2111 (CDMA + GSM),Pre-Owned,$510.00,21 bids,+$6.40 shipping
132,iPhone 11 Pro Max 64GB Unlocked,Refurbished,$809.99,Buy It Now,Free Shipping
133,Apple iPhone 11 - 128GB - Black (Sprint) A2111 (CDMA + GSM),Brand New,$425.00,12 bids,+$9.60 shipping
134,Apple iPhone 11 Pro Space Gray 256GB Verizon AT&T T-Mobile Unlocked Smartphone,Open Box,$929.99,Buy It Now,Free Shipping
135,,Pre-Owned,$730.00,16 bids,+$15.00 shipping
136,"Apple iPhone 11 (White, 64GB), AT&T Carrier",Open Box,$570.00,12 bids,Free Shipping
137,iPhone 11 64gb Unlocked,Pre-Owned,$570.00,6 bids,+$14.99 shipping
138,Apple iPhone 11 - 128GB - Purple (Unlocked) (CDMA/GSM) Apple Warranty 2-27-2021,Pre-Owned,$699.99,Buy It Now,Free Shipping
139,Apple iPhone 11 - 64GB - green (Sprint) A2111 (CDMA + GSM) ,Pre-Owned,$415.00,15 bids,+$9.99 shipping
140,,Refurbished,"$1,000.00",Buy It Now,+$9.60 shipping
141,,Brand New,$435.00,31 bids,+$7.49 shipping
142,Apple iPhone 11 Pro Max 512GB Space Gray Verizon TMobile ATT Unlocked Smartphone,Open Box,"$1,099.99",Buy It Now,Free Shipping
143,,Pre-Owned,$305.00,6 bids,Free Shipping
144,,Pre-Owned,$439.00,4 bids,+$8.85 shipping
145,Apple iPhone 11 Pro - 256GB - Midnight Green (Unlocked) A2160 (CDMA + GSM),Brand New,$803.53,21 bids,+$8.00 shipping
146,Apple iPhone 11 Pro 64GB - Gold Silver Black green (Unlocked) A2160 (CDMA + GSM),Refurbished,$769.95,Buy It Now,Free Shipping
147,,Refurbished,$460.00,8 bids,+$9.60 shipping
148,,Brand New,"$1,080.00",57 bids,+$7.49 shipping
149,Apple iPhone 11 Pro - 64GB - Space Gray (Unlocked) A2160 (CDMA + GSM),Pre-Owned,$604.00,12 bids,+$8.25 shipping
150,Apple iPhone 11 (PRODUCT)RED - 64GB (T-Mobile) A2111 (CDMA + GSM),Open Box,$405.00,20 bids,+$9.60 shipping
151,,Brand New,$849.99,Buy It Now,+$14.90 shipping
152,Apple iPhone 11 - 64GB - Black (AT&T) 4G LTE A2111 MWHT2LL/A iOS Smartphone,Pre-Owned,$465.00,70 bids,Free Shipping
153,Apple iPhone 11 White 128GB Verizon AT&T T-Mobile Fully Unlocked Smartphone,Refurbished,$659.99,Buy It Now,Free Shipping
154,Apple iPhone 11 Pro - 256GB - Midnight Green (Unlocked) A2160 (CDMA + GSM) ,Open Box,$979.00,Buy It Now,Free Shipping
155,,Pre-Owned,$630.00,12 bids,+$9.60 shipping
156,,Open Box,$699.99,Buy It Now,Free Shipping
157,Apple iPhone 11 Pro Max - 256GB - Midnight Green (AT&T) A2161 (CDMA + GSM),Pre-Owned,$897.00,Buy It Now,Free Shipping
158,,Pre-Owned,$431.00,23 bids,Free Shipping
159,Apple iPhone 11 (PRODUCT)RED - 128GB (Verizon) A2111 (CDMA + GSM),Open Box,$610.00,8 bids,+$4.65 shipping
160,Apple iPhone 11 - 64GB - Black (T-Mobile) A2111 (CDMA + GSM),Pre-Owned,$335.00,9 bids,+$9.60 shipping
161,,Brand New,$650.00,52 bids,+$7.49 shipping
162,Apple iPhone 11 - 64GB - Black (Sprint) A2111 (CDMA + GSM),Pre-Owned,$500.00,11 bids,+$9.60 shipping
163,Apple iPhone 11 128GB Yellow Verizon T-Mobile AT&T Fully Unlocked Smartphone,Open Box,$699.99,Buy It Now,Free Shipping
164,iPhone 11 64GB White A2111 MWL82LL/A * ONLY * CRICKET * LOCKED *,Pre-Owned,$560.00,21 bids,Free Shipping
165,Iphone 11 64gb Sprint Open Box ,Open Box,$530.00,55 bids,+$12.99 shipping
166,Apple iPhone 11 Pro - 64GB - Silver  A2160 (CDMA + GSM),Pre-Owned,$560.00,36 bids,Free Shipping
167,,Brand New,$607.00,8 bids,+$11.66 shipping
168,,Pre-Owned,$665.00,14 bids,+$9.60 shipping
169,,Brand New,$659.99,Buy It Now,+$8.00 shipping
170,Apple iPhone 11 64GB Purple LTE Cellular Sprint MWK52LL/A,Refurbished,$656.00,Buy It Now,Free Shipping
171,Open Box Apple iPhone 11 PRO GREEN GOLD SILVER SPACE GRAY UNLOCKED GSM CDMA,Open Box,"$1,349.00",Buy It Now,Free Shipping
